Subject,Topic,Subtopic
Anatomy,Cerebellum,Cerebellar Circuits
Anatomy,Cerebellum,Purkinje cells of cerebellum relay into
Anatomy,Cerebellum,Arrangement of cerebellar nuclei from lateral to medial
Anatomy,Cerebellum,Functional Divisions of Cerebellum
Anatomy,Cerebellum,Blood Supply of cerebellum
Anatomy,Cerebellum,Layers of the cerebellar cortex
Anatomy,Cerebellum,Cerebellar peduncles and their connections
Anatomy,Thoracic Cage,True about anterior intercostal artery
Anatomy,Thoracic Cage,Phrenic N – Referred Pain
Anatomy,Thoracic Cage,Intercostal nerves – Overview
Anatomy,Thoracic Cage,Post-ductal coarctation of the aorta
Anatomy,Thoracic Cage,Intercostal arteries – Overview
Anatomy,Thoracic Cage,Tributaries of the brachiocephalic vein
Anatomy,Thoracic Cage,Left Phrenic Nerve – Overview
Anatomy,Thoracic Cage,Anatomy of pleural tapping
Anatomy,Thoracic Cage,Intercostal Vein – Anatomy
Anatomy,Thoracic Cage,Azygos & Hemiazygos veins – Overview
Anatomy,Thoracic Cage,Intercostal nerve – Overview
Anatomy,Heart,SA Node – Overview
Anatomy,Heart,Sinoatrial node is located
Anatomy,Heart,Cardiac ganglion is situated
Anatomy,Heart,Coronary dominance is determined by
Anatomy,Heart,Triangle of Koch
Anatomy,Heart,Transverse sinus
Anatomy,Heart,Coronary Arteries – Overview
Anatomy,Heart,Surface Marking
Anatomy,Heart,Coronary sinus – Overview
Anatomy,Heart,Structures passing through heart sulci
Anatomy,Heart,Papillary muscles
Anatomy,Heart,Cardiac Veins -Overview
Anatomy,Heart,Vessels and infarct areas
Anatomy,Upper Limb Muscles,MC carpal bone injuries
Anatomy,Upper Limb Muscles,Dorsal scapular nerve innervates
Anatomy,Upper Limb Muscles,Muscles which cross both the shoulder and elbow joint
Anatomy,Upper Limb Muscles,Muscles of the palm – Pictures & Functions
Anatomy,Upper Limb Muscles,Popeye sign
Anatomy,Upper Limb Muscles,Biceps Brachii
Anatomy,Upper Limb Muscles,Rotator cuff
Anatomy,Upper Limb Muscles,Spaces around shoulder joint
Anatomy,Upper Limb Muscles,Compartments and contents of Forearm
Anatomy,Upper Limb Muscles,Spinal accessory nerve
Anatomy,Upper Limb Muscles,"Nerve injuries – Causes, Musles affected, Posture, Functions Lost"
Anatomy,Upper Limb Muscles,Interossei
Anatomy,Upper Limb Muscles,Thoracodorsal nerve
Anatomy,Upper Limb Muscles,De quervain’s tenosynovitis
Anatomy,Thoracic Cage 2,Attachments on the 1st rib
Anatomy,Thoracic Cage 2,Sibson’s fascia – Overview
Anatomy,Thoracic Cage 2,Joints of the ribs
Anatomy,Thoracic Cage 2,Arrangement of vein-artery-nerve
Anatomy,Thoracic Cage 2,Spinous Processes and their Significance
Anatomy,Thoracic Cage 2,False ribs
Anatomy,Thoracic Cage 2,Retrosternal structures
Anatomy,Thoracic Cage 2,Joints of the ribs
Anatomy,Thoracic Cage 2,Relations of 1st rib
Anatomy,Upper Limb – Anatomical Spaces,Anatomical snuffbox
Anatomy,Upper Limb – Anatomical Spaces,Spaces of Hand
Anatomy,Upper Limb – Anatomical Spaces,Cubital fossa
Anatomy,Upper Limb – Anatomical Spaces,Kanavel’s sign
Anatomy,Upper Limb – Anatomical Spaces,Clavipectoral fascia
Anatomy,Upper Limb – Anatomical Spaces,Lower triangular space
Anatomy,Upper Limb – Anatomical Spaces,Pulp space infection
Anatomy,Upper Limb – Anatomical Spaces,Carpal tunnel
Anatomy,Upper Limb – Anatomical Spaces,Upper triangular space
Anatomy,Upper Limb – Anatomical Spaces,Axillary sheath
Anatomy,Upper Limb – Anatomical Spaces,Quadrangular space
Anatomy,Upper Limb – Anatomical Spaces,Dorsal digital expansion
Anatomy,Upper Limb – Anatomical Spaces,Extensor Retinaculum Compartments
Anatomy,Upper Limb – Anatomical Spaces,Flexor retinaculum
Anatomy,Liver & Pancreas,Mesogastrium
Anatomy,Liver & Pancreas,Anal agenesis
Anatomy,Liver & Pancreas,Persistent vitellointestinal duct
Anatomy,Liver & Pancreas,Pancreas development
Anatomy,Liver & Pancreas,Spleen development
Anatomy,Liver & Pancreas,Septum transversum
Anatomy,Liver & Pancreas,Blood Supply and Derivatives of the Primitive Gut
Anatomy,Cranial Nerves,Origins of cranial nerves at the base of the brain
Anatomy,Cranial Nerves,Arrangement of cranial nerve nuclei in the brainstem
Anatomy,Cranial Nerves,Identification of the facial nerve trunk
Anatomy,Cranial Nerves,Trigeminal nerve nucleus functions and location
Anatomy,Cranial Nerves,Base of skull Formaina
Anatomy,Cranial Nerves,Cranial Nerve nuclei
Anatomy,Upper Limb – Nerves,Ulnar Nerve Injury – Clinical features
Anatomy,Upper Limb – Nerves,Nerves affected in injury to medial epicondyle of the humerus
Anatomy,Upper Limb – Nerves,Wrist slash injuries
Anatomy,Upper Limb – Nerves,Card Test
Anatomy,Upper Limb – Nerves,Nerves not directly related to humerus
Anatomy,Upper Limb – Nerves,Brachial plexus – Anatomy
Anatomy,Upper Limb – Nerves,Structures of brachial plexus not giving branches
Anatomy,Upper Limb – Nerves,Horner Syndrome
Anatomy,Upper Limb – Nerves,Testing of Median Nerve Injury
Anatomy,Upper Limb – Nerves,Median Nerve Injury – Clinical features
Anatomy,Upper Limb – Nerves,Testing of Long Thoracic Nerve
Anatomy,Upper Limb – Nerves,Klumpke’s plasy
Anatomy,Upper Limb – Nerves,Carpal tunnel syndrome
Anatomy,Upper Limb – Nerves,Axillary Nerve Injury
Anatomy,Upper Limb – Nerves,Power grip of hand
Anatomy,Upper Limb – Nerves,Erb’s Palsy
Anatomy,Histology – GI Tract,Space of Disse
Anatomy,Histology – GI Tract,Structures forming the portal triad of the liver
Anatomy,Histology – GI Tract,Types of cells in the gastric glands
Anatomy,Histology – GI Tract,Gut wall layers
Anatomy,Histology – GI Tract,Paneth cells
Anatomy,Histology – GI Tract,Brunner’s glands
Anatomy,Brain – Blood Vessels,Arteries supplying specific parts of the brain
Anatomy,Brain – Blood Vessels,Labrynthine artery is a branch of
Anatomy,Brain – Blood Vessels,Blood supply to Fornix
Anatomy,Brain – Blood Vessels,Two internal cerebral veins join to form
Anatomy,Brain – Blood Vessels,Chief artery of the superolateral surface of the cerebral hemisphere
Anatomy,Brain – Blood Vessels,Blood supply of internal capsule
Anatomy,Brain – Blood Vessels,Unpaired vessel in central nervous system
Anatomy,Brain – Blood Vessels,Circumventricular Organs (CVO)
Anatomy,Brain – Blood Vessels,Circle of Willis
Anatomy,Brain – Blood Vessels,Sinuses of the brain
Anatomy,Brain – Blood Vessels,Charcot’s artery
Anatomy,Brain – Blood Vessels,Internal carotid artery branches
Anatomy,Upper Limb Vessels,Branches of brachial artery
Anatomy,Upper Limb Vessels,Interosseous recurrent artery
Anatomy,Upper Limb Vessels,Subscapular artery
Anatomy,Upper Limb Vessels,Modified Allens test
Anatomy,Upper Limb Vessels,Anastomosis around the scapula
Anatomy,Upper Limb Vessels,Axillary LN
Anatomy,Upper Limb Vessels,Subclavian artery
Anatomy,Genital Organs,Supports of the Uterus
Anatomy,Genital Organs,Inguinal Canal and Spermatic Cord Contents
Anatomy,Genital Organs,Helicine arteries of the penis
Anatomy,Genital Organs,DeLancey’s levels of support of the genital organs
Anatomy,Genital Organs,Blood supply of the penis
Anatomy,Genital Organs,Male and female homologous structures
Anatomy,Genital Organs,Fallopian tube
Anatomy,Genital Organs,Nerve supply of scrotum
Anatomy,Genital Organs,Contents of the Broad ligament
Anatomy,Genital Organs,Prostate zones
Anatomy,Pre-embryonic Timeline,Sequence of pre-embryonic development
Anatomy,Pre-embryonic Timeline,Inner cell mass gives rise to
Anatomy,Pre-embryonic Timeline,Timeline of 1st 2 weeks
Anatomy,Pre-embryonic Timeline,Zona reaction
Anatomy,Pre-embryonic Timeline,Steps in maturation of spermatozoon
Anatomy,Pre-embryonic Timeline,Timeline of implantation
Anatomy,Pre-embryonic Timeline,Barriers for Sperm penetration
